{"k": 5, "accuracy": 68.75, "features": ["Fixed Acidity", "Volatile Acidity", "Citric Acid", "Residual Sugar", "Chlorides", "Free Sulfur Dioxide", "Total Sulfur Dioxide", "Density", "pH", "Sulphates", "Alcohol"], "mins": [5.6, 0.1, 0.0, 0.4, 0.029, 5.0, 16.0, 0.9905, 2.91, 0.46, 9.0], "maxs": [11.5, 0.71, 0.61, 10.6, 0.368, 51.0, 148.0, 0.9994, 3.58, 1.82, 13.5], "X_train": [[0.2542372880925021, 0.9999999983606558, 0.0, 0.14705882351499425, 0.15044247743232309, 0.1956521739087902, 0.1439393939383035, 0.7528089041787746, 0.8358208942748944, 0.06617647053957613, 0.08888888886913587], [0.3050847457110027, 0.9836065557645794, 0.0, 0.14705882351499425, 0.13864306743763108, 0.1304347826058601, 0.13636363636260332, 0.8202246269410587, 0.8955223867231005, 0.07352941171064015, 0.08888888886913587], [0.4237288134875036, 0.27868852413329753, 0.6721311464391293, 0.10294117646049596, 0.011799409994692006, 0.1304347826058601, 0.3560606060579087, 0.03370786138113581, 0.11940298489641359, 0.07352941171064015, 0.6666666665185185], [0.3728813558690032, 0.8934426214861597, 0.19672131115291588, 0.15686274508266054, 0.1563421824296691, 0.06521739130293006, 0.0, 0.9101122572907666, 0.7014925362664288, 0.11764705873702419, 0.17777777773827175], [0.3050847457110027, 0.8032786872077399, 0.1311475407686106, 0.3921568627066513, 0.16814159242436108, 0.02173913043431002, 0.0984848484841024, 0.7752808117661985, 0.7014925362664288, 0.029411764684256037, 0.0], [0.3898305084085034, 0.5409836056705186, 0.3442622945176028, 0.11764705881199541, 0.2271386423978211, 0.1086956521715501, 0.15909090908970386, 0.685393181416503, 0.38805970091334346, 0.3308823526978806, 0.11111111108641974], [0.18644067793450167, 0.7868852446116635, 0.1311475407686106, 0.13725490194732795, 0.2005899699097641, 0.2173913043431002, 0.371212121209309, 0.6067415048605069, 0.5522388051459118, 0.058823529368512116, 0.04444444443456774], [0.610169491422005, 0.2622950815372212, 0.7377049168234346, 0.9999999999019608, 0.020648967490710997, 0.1304347826058601, 0.05303030302990129, 0.8202246269410587, 0.13432835800846493, 0.2573529409872405, 0.8666666664740741], [0.3050847457110027, 0.9836065557645794, 0.0, 0.14705882351499425, 0.13864306743763108, 0.1304347826058601, 0.13636363636260332, 0.8202246269410587, 0.8955223867231005, 0.07352941171064015, 0.08888888886913587], [0.0, 0.8442622936979307, 0.0, 0.11764705881199541, 0.1769911499203801, 0.23913043477741022, 0.32575757575510794, 0.426966244161091, 0.9999999985074627, 0.04411764702638408, 0.19999999995555562], [0.11864406777650102, 0.4754098352862135, 0.2622950815372212, 0.09803921567666282, 0.15044247743232309, 0.1304347826058601, 0.05303030302990129, 0.7191010427976388, 0.6417910438182219, 0.07352941171064015, 0.066666666651852], [0.13559322031600127, 0.3442622945176028, 0.5081967204783661, 0.19607843135332564, 0.07964601746417103, 0.2608695652117202, 0.3333333333308081, 0.7865167655599229, 0.8208955211628424, 0.07352941171064015, 0.02222222221728387], [0.5084745761850042, 0.6393442612469767, 0.4590163926901371, 0.14313725488792772, 0.20943952740578314, 0.3260869565146503, 0.9090909090840221, 0.5853931926524493, 0.07462686556025816, 0.9999999992647058, 0.3555555554765431], [0.28813559317150245, 0.4426229500940608, 0.5245901630744424, 0.12745098037966165, 0.17109144492303408, 0.36956521738327036, 0.4469696969663109, 0.8764043959096184, 0.656716416930274, 0.02205882351319202, 0.066666666651852], [0.593220338882505, 0.27868852413329753, 0.7377049168234346, 0.9999999999019608, 0.017699114992038016, 0.1086956521715501, 0.060606060605601475, 0.8202246269410587, 0.13432835800846493, 0.24999999981617646, 0.8666666664740741], [0.32203389825050277, 0.3442622945176028, 0.8688524575920452, 0.1764705882179931, 0.029498524986730012, 0.2173913043431002, 0.12878787878690312, 0.3595505213988194, 0.5223880589218084, 0.16911764693447223, 0.7777777776049383], [0.49152542364550417, 0.27049180283525937, 0.5737704908626713, 0.1764705882179931, 0.07964601746417103, 0.1956521739087902, 0.4242424242392103, 0.6404493662416427, 0.3731343278012921, 0.2352941174740484, 0.31111111104197536], [0.5762711863430049, 0.5737704908626713, 0.6229508186509003, 0.1764705882179931, 0.12389380494426605, 0.2608695652117202, 0.1969696969682048, 0.6741572276227911, 0.3134328353530853, 0.20588235278979233, 0.33333333325925923], [0.457627118566504, 0.8934426214861597, 0.19672131115291588, 0.15686274508266054, 0.1563421824296691, 0.06521739130293006, 0.0, 0.9101122572907666, 0.7014925362664288, 0.11764705873702419, 0.17777777773827175], [0.06779661015800063, 0.3442622945176028, 0.7704918020155872, 0.3137254901653211, 0.11209439494957407, 0.28260869564603025, 0.1969696969682048, 0.5606740943062805, 0.7164179093784808, 0.14705882342128027, 0.444444444345679], [0.32203389825050277, 0.6557377038430531, 0.5901639334587476, 0.5588235293569781, 0.12389380494426605, 0.2608695652117202, 0.6515151515102159, 0.8202246269410587, 0.656716416930274, 0.24999999981617646, 0.33333333325925923], [0.3559322033295031, 0.8852459001881215, 0.3442622945176028, 0.1764705882179931, 0.14159291993630407, 0.5869565217263706, 0.8863636363569216, 0.8651684421159064, 0.5671641782579638, 0.09558823522383213, 0.11111111108641974], [0.3050847457110027, 0.9180327853802742, 0.0, 0.13725490194732795, 0.13569321493895806, 0.17391304347448017, 0.18181818181680443, 0.8202246269410587, 0.8955223867231005, 0.07352941171064015, 0.08888888886913587], [0.3050847457110027, 0.40983606490190805, 0.5409836056705187, 0.19607843135332564, 0.11504424744824708, 0.0, 0.060606060605601475, 0.9325841648781905, 0.6865671631543774, 0.2941176468425605, 0.17777777773827175], [0.4237288134875036, 0.7540983594195111, 0.4590163926901371, 0.12745098037966165, 0.9999999970501474, 0.23913043477741022, 0.3030303030280074, 0.7078650890039269, 0.2985074622410333, 0.6029411760272491, 0.066666666651852], [0.9999999998305085, 0.19672131115291588, 0.9016393427841979, 0.15686274508266054, 0.11799409994692009, 0.2608695652117202, 0.41666666666351015, 0.9325841648781905, 0.22388059668077512, 0.3235294115268166, 0.33333333325925923], [0.06779661015800063, 0.3442622945176028, 0.7704918020155872, 0.3137254901653211, 0.11209439494957407, 0.28260869564603025, 0.1969696969682048, 0.5606740943062805, 0.7164179093784808, 0.14705882342128027, 0.444444444345679], [0.10169491523700094, 0.6721311464391294, 0.22950819634506855, 0.14705882351499425, 0.07964601746417103, 0.23913043477741022, 0.18181818181680443, 0.7191010427976388, 0.8507462673869458, 0.08823529405276812, 0.17777777773827175], [0.49152542364550417, 0.29508196672937387, 0.9180327853802742, 0.13725490194732795, 0.1858407074163991, 0.6521739130293006, 0.659090909085916, 0.7191010427976388, 0.5820895513700152, 0.21323529396085636, 0.33333333325925923], [0.5593220338035049, 0.49180327788228984, 0.8196721298038162, 0.18627450978565938, 0.5870206472359273, 0.04347826086862004, 0.0984848484841024, 0.6786516091402683, 0.1791044773446197, 0.4411764702638408, 0.3555555554765431], [0.27118644063200237, 0.3934426223058318, 0.9999999983606558, 0.20588235292099194, 0.1622418874270151, 0.2608695652117202, 0.4318181818149105, 0.8314605807347706, 0.5671641782579638, 0.16911764693447223, 0.39999999991111124], [0.2542372880925021, 0.7704918020155872, 0.0, 0.18627450978565938, 0.20353982240843713, 0.28260869564603025, 0.16666666666540406, 0.7977527193536348, 0.6716417900423254, 0.11764705873702419, 0.08888888886913587], [0.28813559317150245, 0.9016393427841979, 0.0, 0.07843137254133026, 0.10619468995222807, 0.2173913043431002, 0.03787878787850092, 0.4606741055422393, 0.7164179093784808, 0.007352941171063979, 0.2222222221728395], [0.5084745761850042, 0.3442622945176028, 0.6229508186509003, 0.04901960783833141, 0.2802359873739351, 0.02173913043431002, 0.03787878787850092, 0.7977527193536348, 0.2388059697928265, 0.3823529408953287, 0.066666666651852], [0.5084745761850042, 0.21311475374899222, 0.6557377038430531, 0.37254901957131875, 0.017699114992038016, 